"Event Management Report",

SL,"Data Submission Date","Branch Name","Project Name","Activity Name",Year,Month,"Start Date","Start Time","End Date","End Time",Division,District,Upazila,Union,"Event Location","Event Village","Event Ward","Man Participant","Woman Participant","Boy Participant","Girl Participant","Observation Score","Submitted by","Submitted Date"
1,20-03-2022,"Jashore District Office",,"Test Activity",2022,March,20-03-2022,13:49:45,20-03-2022,13:49:45,,,,,,,,0,0,0,0,24,,20-03-2022
2,20-03-2022,"Jashore District Office",,"Test Activity",2022,March,20-03-2022,13:15:11,20-03-2022,13:15:11,,,,,,,,0,0,0,0,19,,20-03-2022
3,20-03-2022,"Jashore District Office",,"Test Activity",2022,March,20-03-2022,12:10:12,20-03-2022,12:10:12,,,,,,,,0,0,0,0,23,,20-03-2022
4,20-03-2022,"Jashore District Office",,"Test Activity",2022,March,20-03-2022,12:10:12,20-03-2022,12:10:12,,,,,,,,0,0,0,0,23,,20-03-2022
5,20-03-2022,"Jashore District Office",,"Test Activity",2022,March,20-03-2022,12:10:12,20-03-2022,12:10:12,,,,,,,,0,0,0,0,23,,20-03-2022
6,20-03-2022,"Jashore District Office",,"Test Activity",2022,March,20-03-2022,12:10:12,20-03-2022,12:10:12,,,,,,,,0,0,0,0,23,,20-03-2022
7,17-03-2022,Abhaynagar,,"Test Activity",2022,March,17-03-2022,20:20:06,17-03-2022,20:20:06,,,,,,,,0,0,0,0,26,,17-03-2022
8,17-03-2022,Abhaynagar,,"Test Activity",2022,March,17-03-2022,20:17:42,17-03-2022,20:17:42,,,,,,,,0,0,0,0,26,,17-03-2022
9,17-03-2022,Abhaynagar,,"Test Activity",2022,March,17-03-2022,20:15:49,17-03-2022,20:15:49,,,,,,,,0,0,0,0,25,,17-03-2022
10,17-03-2022,Abhaynagar,,"Test Activity",2022,March,17-03-2022,20:11:35,17-03-2022,20:11:35,,,,,,,,0,0,0,0,30,,17-03-2022
11,17-03-2022,Abhaynagar,,"Test Activity",2022,March,17-03-2022,20:11:35,17-03-2022,20:11:35,,,,,,,,0,0,0,0,30,,17-03-2022
12,17-03-2022,Abhaynagar,,"Test Activity",2022,March,17-03-2022,20:11:35,17-03-2022,20:11:35,,,,,,,,0,0,0,0,30,,17-03-2022
13,17-03-2022,Abhaynagar,,"Test Activity",2022,March,17-03-2022,20:11:35,17-03-2022,20:11:35,,,,,,,,0,0,0,0,30,,17-03-2022
14,17-03-2022,Abhaynagar,,"Test Activity",2022,March,17-03-2022,20:05:41,17-03-2022,20:05:41,,,,,,,,5,5,5,5,23,,17-03-2022
15,17-03-2022,Abhaynagar,,"Test Activity",2022,March,17-03-2022,20:05:41,17-03-2022,20:05:41,,,,,,,,5,5,5,5,23,,17-03-2022
16,17-03-2022,Abhaynagar,,"Test Activity",2022,March,17-03-2022,19:55:53,17-03-2022,19:55:53,,,,,,,,0,0,0,0,26,,17-03-2022
17,17-03-2022,Abhaynagar,,"Test Activity",2022,March,17-03-2022,19:51:21,17-03-2022,19:51:21,,,,,,,,1,1,1,1,0,,17-03-2022
18,17-03-2022,Abhaynagar,,"Test Activity",2022,March,17-03-2022,18:55:09,17-03-2022,18:55:09,,,,,,,,0,0,0,0,17,,17-03-2022
