"Observation Report",

"Score Definition"
"5 = Excellent","4 = Good","3 = Neutral","2 = Need To Improved","1 = Not Observed"

SL,"Branch Name","Project Name","Entry Date","Data Submission Date","Activity Name",Year,Month,"Start Date","Start Time","End Date","End Time",Division,District,Upazila,Union,"Event Location","Event Village","Event Ward","Preparatory Work","Time management of the event was","Participants attention","Logistical arrangements","Relevancy of delivery of messages","Participants Feedback","Event Note","Submitted By"
1,"Jashore District Office",Prottasha,,20-03-2022,"Test Activity",2022,March,20-03-2022,13:49:45,20-03-2022,13:49:45,,,,,,,,4,4,4,4,4,4,,
2,"Jashore District Office",Prottasha,,20-03-2022,"Test Activity",2022,March,20-03-2022,13:15:11,20-03-2022,13:15:11,,,,,,,,3,3,3,2,4,4,,
3,Sharsha,"Anuprerona - 2 ",,20-03-2022,"District level CTC meeting",2024,May,20-03-2022,13:05:18,20-03-2022,13:05:18,,,,,,,,3,5,4,5,3,5,,
4,Sharsha,"Anuprerona - 2 ",,20-03-2022,"District level CTC meeting",2024,May,20-03-2022,13:05:18,20-03-2022,13:05:18,,,,,,,,3,5,4,5,3,5,,
5,Sharsha,"Anuprerona - 2 ",,20-03-2022,"District level CTC meeting",2024,May,20-03-2022,13:05:18,20-03-2022,13:05:18,,,,,,,,3,5,4,5,3,5,,
6,"Jashore District Office",ERRIN,,20-03-2022,"Union level LCL workshop",2022,April,20-03-2022,13:02:37,20-03-2022,13:02:37,,,,,,,,4,3,5,5,5,5,,
7,"Jashore District Office",ERRIN,,20-03-2022,"Union level LCL workshop",2022,April,20-03-2022,13:02:37,20-03-2022,13:02:37,,,,,,,,4,3,5,5,5,5,,
8,"RSC Center","Anuprerona - 2 ",,20-03-2022,"UCF orientation/meeting",2021,April,20-03-2022,12:54:05,20-03-2022,12:54:05,,,,,,,,5,4,5,4,4,5,,
9,"RSC Center","Anuprerona - 2 ",,20-03-2022,"UCF orientation/meeting",2021,April,20-03-2022,12:54:05,20-03-2022,12:54:05,,,,,,,,5,4,5,4,4,5,,
10,"RSC Center","Anuprerona - 2 ",,20-03-2022,"UCF orientation/meeting",2021,April,20-03-2022,12:54:05,20-03-2022,12:54:05,,,,,,,,5,4,5,4,4,5,,
11,"RSC Center","Anuprerona - 2 ",,20-03-2022,"UCF orientation/meeting",2021,April,20-03-2022,12:54:05,20-03-2022,12:54:05,,,,,,,,5,4,5,4,4,5,,
12,"Jashore District Office",ERRIN,,20-03-2022,"Union level LCL workshop",2021,February,20-03-2022,12:44:39,20-03-2022,12:44:39,,,,,,,,3,3,4,5,4,4,gfdsgewr,
13,"Jashore District Office",Prottasha,,20-03-2022,"Test Activity",2022,March,20-03-2022,12:10:12,20-03-2022,12:10:12,,,,,,,,4,5,4,3,3,4,ghf,
14,"Jashore District Office",Prottasha,,20-03-2022,"Test Activity",2022,March,20-03-2022,12:10:12,20-03-2022,12:10:12,,,,,,,,4,5,4,3,3,4,ghf,
15,"Jashore District Office",Prottasha,,20-03-2022,"Test Activity",2022,March,20-03-2022,12:10:12,20-03-2022,12:10:12,,,,,,,,4,5,4,3,3,4,ghf,
16,"Jashore District Office",Prottasha,,20-03-2022,"Test Activity",2022,March,20-03-2022,12:10:12,20-03-2022,12:10:12,,,,,,,,4,5,4,3,3,4,ghf,
17,Abhaynagar,Prottasha,,17-03-2022,"Test Activity",2022,March,17-03-2022,20:20:06,17-03-2022,20:20:06,,,,,,,,5,4,5,4,5,3,,
18,Abhaynagar,Prottasha,,17-03-2022,"Test Activity",2022,March,17-03-2022,20:17:42,17-03-2022,20:17:42,,,,,,,,5,3,4,5,4,5,,
19,Abhaynagar,Prottasha,,17-03-2022,"Test Activity",2022,March,17-03-2022,20:15:49,17-03-2022,20:15:49,,,,,,,,5,5,5,5,2,3,,
20,Abhaynagar,Prottasha,,17-03-2022,"Test Activity",2022,March,17-03-2022,20:11:35,17-03-2022,20:11:35,,,,,,,,5,5,5,5,5,5,,
21,Abhaynagar,Prottasha,,17-03-2022,"Test Activity",2022,March,17-03-2022,20:11:35,17-03-2022,20:11:35,,,,,,,,5,5,5,5,5,5,,
22,Abhaynagar,Prottasha,,17-03-2022,"Test Activity",2022,March,17-03-2022,20:11:35,17-03-2022,20:11:35,,,,,,,,5,5,5,5,5,5,,
23,Abhaynagar,Prottasha,,17-03-2022,"Test Activity",2022,March,17-03-2022,20:11:35,17-03-2022,20:11:35,,,,,,,,5,5,5,5,5,5,,
24,Abhaynagar,Prottasha,,17-03-2022,"Test Activity",2022,March,17-03-2022,20:05:41,17-03-2022,20:05:41,,,,,,,,4,4,3,4,4,4,,
25,Abhaynagar,Prottasha,,17-03-2022,"Test Activity",2022,March,17-03-2022,20:05:41,17-03-2022,20:05:41,,,,,,,,4,4,3,4,4,4,,
26,Abhaynagar,Prottasha,,17-03-2022,"Test Activity",2022,March,17-03-2022,19:55:53,17-03-2022,19:55:53,,,,,,,,5,4,4,4,4,5,,
27,Abhaynagar,Prottasha,,17-03-2022,"Test Activity",2022,March,17-03-2022,19:51:21,17-03-2022,19:51:21,,,,,,,,0,0,0,0,0,0,,
28,Abhaynagar,Prottasha,,17-03-2022,"Test Activity",2022,March,17-03-2022,18:55:09,17-03-2022,18:55:09,,,,,,,,2,2,3,3,4,3,,
