"Training Participant Report",

SL,"Project Name","Entry Date","Data Submission Date","Beneficiary ID","Participant Name","Organizational Name","Participant Age","Participant Profession","Type of Participant","Participant Gender","Participant Mobile",Division,District,Upazila,"Police Station","Post Office",Municipality,"City Corporation",Union,Ward,Village
1,Prottasha,11-04-2022,11-04-2022,,Obydullah,,"40",,Ngo,Male,"",chattagram,Feni,Sonagazi,,,,,Motigonj,,
2,Prottasha,12-04-2022,11-04-2022,asdas,,,"0",,Ngo,,"",,,,,,,,,,
3,Prottasha,19-04-2022,11-04-2022,,,ewrfew,"0",,,Male,"",,,,,,,,,,
4,Prottasha,12-04-2022,11-04-2022,,,,"0",,,Male,"",,,,,,,,,,
5,Prottasha,30-03-2022,11-04-2022,,,,"0",,,Male,"",,,,,,,,,,
6,Prottasha,14-04-2022,11-04-2022,,ewrf,,"0",,,Male,"",,,,,,,,,,
7,"Emergency Support for Vulnerable Returnee Migrants",08-04-2022,08-04-2022,asda,"Organizational Name",sda,"3","Participant Profession",Ngo,Male,"33",dhaka,Dhaka,,,,,"Dhaka North",Gopalgram,3,3
