"Training Report",

SL,"Entry Date","Data Submission Date","Training Held At","Project Name","Start Date","End Date","Name of the training","Duration of training",Division,District,Upazila,Union,"Training Venue","Male Participant","Female Participant"
1,11-04-2022,17-04-2019,National,Prottasha,11-04-2022,11-04-2022,"Demo Training ","2 Hour",Khulna,Jashore,Abhaynagar,Baghutia,"Zila School","-1","0"
2,06-04-2022,17-04-2019,,"Emergency Support for Vulnerable Returnee Migrants",06-04-2022,06-04-2022,"Name of the training7","Duration of training8",Khulna,Magura,"Magura Sadar",Gopalgram,"Training Venue","0","0"
3,N/A,01-01-1970,,,N/A,N/A,,,,,,,,"",""
4,N/A,01-01-1970,,,N/A,N/A,,,,,,,,"",""
5,N/A,01-01-1970,,,N/A,N/A,,,,,,,,"",""
6,N/A,01-01-1970,,,N/A,N/A,,,,,,,,"",""
7,N/A,01-01-1970,,,N/A,N/A,,,,,,,,"",""
8,N/A,01-01-1970,,,N/A,N/A,,,,,,,,"",""
9,N/A,01-01-1970,,,N/A,N/A,,,,,,,,"",""
10,N/A,01-01-1970,,,N/A,N/A,,,,,,,,"",""
11,N/A,01-01-1970,,,N/A,N/A,,,,,,,,"",""
12,N/A,01-01-1970,,,N/A,N/A,,,,,,,,"",""
13,N/A,01-01-1970,,,N/A,N/A,,,,,,,,"",""
14,N/A,01-01-1970,,,N/A,N/A,,,,,,,,"",""
15,N/A,01-01-1970,,,N/A,N/A,,,,,,,,"",""
16,N/A,01-01-1970,,,N/A,N/A,,,,,,,,"",""
17,N/A,01-01-1970,,,N/A,N/A,,,,,,,,"",""
18,N/A,01-01-1970,,,N/A,N/A,,,,,,,,"",""
19,N/A,01-01-1970,,,N/A,N/A,,,,,,,,"",""
20,N/A,01-01-1970,,,N/A,N/A,,,,,,,,"",""
21,N/A,01-01-1970,,,N/A,N/A,,,,,,,,"",""
22,N/A,01-01-1970,,,N/A,N/A,,,,,,,,"",""
23,N/A,01-01-1970,,,N/A,N/A,,,,,,,,"",""
24,N/A,01-01-1970,,,N/A,N/A,,,,,,,,"",""
25,N/A,01-01-1970,,,N/A,N/A,,,,,,,,"",""
26,N/A,01-01-1970,,,N/A,N/A,,,,,,,,"",""
27,N/A,01-01-1970,,,N/A,N/A,,,,,,,,"",""
28,N/A,01-01-1970,,,N/A,N/A,,,,,,,,"",""
29,N/A,01-01-1970,,,N/A,N/A,,,,,,,,"",""
30,N/A,01-01-1970,,,N/A,N/A,,,,,,,,"",""
31,N/A,01-01-1970,,,N/A,N/A,,,,,,,,"",""
32,N/A,01-01-1970,,,N/A,N/A,,,,,,,,"",""
33,N/A,01-01-1970,,,N/A,N/A,,,,,,,,"",""
34,N/A,01-01-1970,,,N/A,N/A,,,,,,,,"",""
35,N/A,01-01-1970,,,N/A,N/A,,,,,,,,"",""
36,N/A,01-01-1970,,,N/A,N/A,,,,,,,,"",""
37,N/A,01-01-1970,,,N/A,N/A,,,,,,,,"",""
38,N/A,01-01-1970,,,N/A,N/A,,,,,,,,"",""
39,N/A,01-01-1970,,,N/A,N/A,,,,,,,,"",""
40,N/A,01-01-1970,,,N/A,N/A,,,,,,,,"",""
41,N/A,01-01-1970,,,N/A,N/A,,,,,,,,"",""
42,N/A,01-01-1970,,,N/A,N/A,,,,,,,,"",""
43,N/A,01-01-1970,,,N/A,N/A,,,,,,,,"",""
44,N/A,01-01-1970,,,N/A,N/A,,,,,,,,"",""
45,N/A,01-01-1970,,,N/A,N/A,,,,,,,,"",""
46,N/A,01-01-1970,,,N/A,N/A,,,,,,,,"",""
47,N/A,01-01-1970,,,N/A,N/A,,,,,,,,"",""
48,N/A,01-01-1970,,,N/A,N/A,,,,,,,,"",""
49,N/A,01-01-1970,,,N/A,N/A,,,,,,,,"",""
50,N/A,01-01-1970,,,N/A,N/A,,,,,,,,"",""
51,N/A,01-01-1970,,,N/A,N/A,,,,,,,,"",""
52,N/A,01-01-1970,,,N/A,N/A,,,,,,,,"",""
53,N/A,01-01-1970,,,N/A,N/A,,,,,,,,"",""
54,N/A,01-01-1970,,,N/A,N/A,,,,,,,,"",""
55,N/A,01-01-1970,,,N/A,N/A,,,,,,,,"",""
56,N/A,01-01-1970,,,N/A,N/A,,,,,,,,"",""
57,N/A,01-01-1970,,,N/A,N/A,,,,,,,,"",""
58,N/A,01-01-1970,,,N/A,N/A,,,,,,,,"",""
59,N/A,01-01-1970,,,N/A,N/A,,,,,,,,"",""
60,N/A,01-01-1970,,,N/A,N/A,,,,,,,,"",""
61,N/A,01-01-1970,,,N/A,N/A,,,,,,,,"",""
62,N/A,01-01-1970,,,N/A,N/A,,,,,,,,"",""
63,N/A,01-01-1970,,,N/A,N/A,,,,,,,,"",""
64,N/A,01-01-1970,,,N/A,N/A,,,,,,,,"",""
65,N/A,01-01-1970,,,N/A,N/A,,,,,,,,"",""
66,N/A,01-01-1970,,,N/A,N/A,,,,,,,,"",""
67,N/A,01-01-1970,,,N/A,N/A,,,,,,,,"",""
68,N/A,01-01-1970,,,N/A,N/A,,,,,,,,"",""
69,N/A,01-01-1970,,,N/A,N/A,,,,,,,,"",""
70,N/A,01-01-1970,,,N/A,N/A,,,,,,,,"",""
71,N/A,01-01-1970,,,N/A,N/A,,,,,,,,"",""
72,N/A,01-01-1970,,,N/A,N/A,,,,,,,,"",""
73,N/A,01-01-1970,,,N/A,N/A,,,,,,,,"",""
74,N/A,01-01-1970,,,N/A,N/A,,,,,,,,"",""
75,N/A,01-01-1970,,,N/A,N/A,,,,,,,,"",""
76,N/A,01-01-1970,,,N/A,N/A,,,,,,,,"",""
77,N/A,01-01-1970,,,N/A,N/A,,,,,,,,"",""
78,N/A,01-01-1970,,,N/A,N/A,,,,,,,,"",""
79,N/A,01-01-1970,,,N/A,N/A,,,,,,,,"",""
80,N/A,01-01-1970,,,N/A,N/A,,,,,,,,"",""
81,N/A,01-01-1970,,,N/A,N/A,,,,,,,,"",""
82,N/A,01-01-1970,,,N/A,N/A,,,,,,,,"",""
83,N/A,01-01-1970,,,N/A,N/A,,,,,,,,"",""
84,N/A,01-01-1970,,,N/A,N/A,,,,,,,,"",""
85,N/A,01-01-1970,,,N/A,N/A,,,,,,,,"",""
86,N/A,01-01-1970,,,N/A,N/A,,,,,,,,"",""
87,N/A,01-01-1970,,,N/A,N/A,,,,,,,,"",""
88,N/A,01-01-1970,,,N/A,N/A,,,,,,,,"",""
89,N/A,01-01-1970,,,N/A,N/A,,,,,,,,"",""
90,N/A,01-01-1970,,,N/A,N/A,"Floriculture & Entrepreneurship Development Training",3,,,,,,"",""
91,N/A,01-01-1970,,,N/A,N/A,"Floriculture & Entrepreneurship Development Training",3,,,,,,"",""
92,N/A,01-01-1970,,,N/A,N/A,"Floriculture & Entrepreneurship Development Training",3,,,,,,"",""
93,N/A,01-01-1970,,,N/A,N/A,"Floriculture & Entrepreneurship Development Training",3,,,,,,"",""
94,N/A,01-01-1970,,,N/A,N/A,"Floriculture & Entrepreneurship Development Training",3,,,,,,"",""
95,N/A,01-01-1970,,,N/A,N/A,"Floriculture & Entrepreneurship Development Training",3,,,,,,"",""
96,N/A,01-01-1970,,,N/A,N/A,"Floriculture & Entrepreneurship Development Training",3,,,,,,"",""
97,N/A,01-01-1970,,,N/A,N/A,"Floriculture & Entrepreneurship Development Training",3,,,,,,"",""
98,N/A,01-01-1970,,,N/A,N/A,"Floriculture & Entrepreneurship Development Training",3,,,,,,"",""
99,N/A,01-01-1970,,,N/A,N/A,"Floriculture & Entrepreneurship Development Training",3,,,,,,"",""
100,N/A,01-01-1970,,,N/A,N/A,"Floriculture & Entrepreneurship Development Training",3,,,,,,"",""
101,N/A,01-01-1970,,,N/A,N/A,"Floriculture & Entrepreneurship Development Training",3,,,,,,"",""
102,N/A,01-01-1970,,,N/A,N/A,"Floriculture & Entrepreneurship Development Training",3,,,,,,"",""
103,N/A,01-01-1970,,,N/A,N/A,"Floriculture & Entrepreneurship Development Training",3,,,,,,"",""
104,N/A,01-01-1970,,,N/A,N/A,,,,,,,,"",""
105,N/A,01-01-1970,,,N/A,N/A,,,,,,,,"",""
106,N/A,01-01-1970,,,N/A,N/A,,,,,,,,"",""
107,N/A,01-01-1970,,,N/A,N/A,,,,,,,,"",""
108,N/A,01-01-1970,,,N/A,N/A,,,,,,,,"",""
109,N/A,01-01-1970,,,N/A,N/A,,,,,,,,"",""
110,N/A,01-01-1970,,,N/A,N/A,,,,,,,,"",""
111,N/A,01-01-1970,,,N/A,N/A,,,,,,,,"",""
112,N/A,01-01-1970,,,N/A,N/A,,,,,,,,"",""
113,N/A,01-01-1970,,,N/A,N/A,,,,,,,,"",""
114,N/A,01-01-1970,,,N/A,N/A,,,,,,,,"",""
115,N/A,01-01-1970,,,N/A,N/A,,,,,,,,"",""
116,N/A,01-01-1970,,,N/A,N/A,,,,,,,,"",""
117,N/A,01-01-1970,,,N/A,N/A,,,,,,,,"",""
118,N/A,01-01-1970,,,N/A,N/A,,,,,,,,"",""
119,N/A,01-01-1970,,,N/A,N/A,,,,,,,,"",""
120,N/A,01-01-1970,,,N/A,N/A,,,,,,,,"",""
121,N/A,01-01-1970,,,N/A,N/A,,,,,,,,"",""
122,N/A,01-01-1970,,,N/A,N/A,,,,,,,,"",""
123,N/A,01-01-1970,,,N/A,N/A,,,,,,,,"",""
124,N/A,01-01-1970,,,N/A,N/A,,,,,,,,"",""
125,N/A,01-01-1970,,,N/A,N/A,,,,,,,,"",""
126,N/A,01-01-1970,,,N/A,N/A,,,,,,,,"",""
127,N/A,01-01-1970,,,N/A,N/A,,,,,,,,"",""
128,N/A,01-01-1970,,,N/A,N/A,,,,,,,,"",""
129,N/A,01-01-1970,,,N/A,N/A,,,,,,,,"",""
130,N/A,01-01-1970,,,N/A,N/A,,,,,,,,"",""
131,N/A,01-01-1970,,,N/A,N/A,,,,,,,,"",""
